incremental_id,event_type,description,event_date,status,date_reported,id
0,Murder,Statement simply feel forget training camera company back serious professor none.,2011-04-03,Pending,2023-08-29,673ef5fdcfcd208495001234
1,Theft,Concern official very lose pay foreign time property city director.,2016-10-18,Pending,2015-03-07,673ef5fdc4ca4238a0001234
2,Murder,Feel section similar minute difference cultural claim test federal.,2021-05-20,Closed,2008-01-19,673ef5fdc81e728d9d001234
3,Theft,Parent attention why thousand environment common what energy.,2012-02-13,Investigating,2010-08-18,673ef5fdeccbc87e4b001234
4,Kidnapping,Free listen commercial turn whose system area voice education.,2005-06-09,Closed,2010-01-26,673ef5fda87ff679a2001234
5,Theft,Marriage bag concern tell attack unit.,2014-04-12,Investigating,2008-01-28,673ef5fde4da3b7fbb001234
6,Kidnapping,Newspaper development production rock several town run it age smile upon course reality.,2013-05-15,Investigating,2014-05-14,673ef5fd1679091c5a001234
7,Murder,Receive whom station suddenly allow his.,2012-06-12,Investigating,2007-01-28,673ef5fd8f14e45fce001234
8,Kidnapping,Short group strategy heavy degree course.,2021-11-02,Pending,2024-10-02,673ef5fdc9f0f895fb001234
9,Attempt,Tv account enjoy attack leader cell magazine page.,2005-06-06,Closed,2014-03-10,673ef5fd45c48cce2e001234
10,Murder,Near have model performance mean everything reduce matter here notice medical between one.,2019-08-23,Pending,2007-07-07,673ef5fdd3d9446802001234
11,Kidnapping,Cultural mother medical concern memory finally other western.,2021-06-04,Investigating,2020-08-23,673ef5fd6512bd43d9001234
12,Murder,Deep car include question raise beyond plan despite future charge voice.,2011-06-14,Investigating,2014-08-15,673ef5fdc20ad4d76f001234
13,Attempt,Answer sell majority morning agent like bag project.,2006-03-22,Closed,2012-03-17,673ef5fdc51ce410c1001234
14,Murder,Southern those race you third life bad show case civil student candidate.,2010-10-11,Closed,2012-05-15,673ef5fdaab3238922001234
15,Murder,First now series keep window customer contain however address.,2021-11-01,Closed,2016-05-28,673ef5fd9bf31c7ff0001234
16,Attempt,Culture bed hotel not rise in their your teach give.,2005-02-24,Pending,2015-07-14,673ef5fdc74d97b01e001234
17,Theft,Serve sister center strategy important human sense try too nothing reflect fill.,2022-10-13,Pending,2009-12-07,673ef5fd70efdf2ec9001234
18,Theft,Eat push see simple trouble major far keep.,2021-03-07,Closed,2013-11-03,673ef5fd6f4922f455001234
19,Kidnapping,Current television claim conference size point detail over year natural shake election attack.,2005-03-06,Pending,2005-07-17,673ef5fd1f0e3dad99001234
20,Kidnapping,Green light avoid shoulder though still vote five difficult.,2017-08-29,Pending,2011-12-03,673ef5fd98f1370821001234
21,Murder,Name black ask dream maybe rate goal performance class brother.,2007-03-22,Pending,2023-06-10,673ef5fd3c59dc048e001234
22,Theft,Nature discover admit better happen much serious save once bring everyone.,2016-08-30,Pending,2018-02-06,673ef5fdb6d767d2f8001234
23,Murder,Though factor nature want if learn expert believe yard bed site note whose.,2007-08-13,Investigating,2020-09-11,673ef5fd37693cfc74001234
24,Attempt,Tree water exist along type Democrat.,2014-02-02,Closed,2018-02-26,673ef5fd1ff1de7740001234
25,Kidnapping,Office behavior anyone least outside economic scientist able conference.,2007-11-26,Pending,2015-12-14,673ef5fd8e296a067a001234
26,Kidnapping,And wide weight such technology campaign player light four director out.,2022-01-18,Pending,2024-06-23,673ef5fd4e732ced34001234
27,Kidnapping,Single attack as every movement baby moment save.,2013-07-21,Investigating,2019-07-23,673ef5fd02e74f10e0001234
28,Kidnapping,Beautiful throughout throw spring local race until film detail clear significant.,2008-02-01,Investigating,2008-11-28,673ef5fd33e75ff09d001234
29,Murder,Child fall at attack third else kind fund toward oil only.,2014-06-19,Closed,2006-02-20,673ef5fd6ea9ab1baa001234
30,Attempt,Old firm growth clear cut education either cost south heart.,2005-01-16,Closed,2019-10-05,673ef5fd34173cb38f001234
31,Kidnapping,When station head church herself Mr save street southern strong.,2007-12-14,Investigating,2009-04-09,673ef5fdc16a5320fa001234
32,Kidnapping,Authority music half century finally important window into when important fine.,2012-04-09,Investigating,2011-04-04,673ef5fd6364d3f0f4001234
33,Murder,Memory event forget company answer raise hair us high can seem coach action.,2022-02-09,Closed,2008-03-01,673ef5fd182be0c5cd001234
34,Murder,Move cultural herself American language catch sure across wish anyone everything billion security.,2016-09-22,Closed,2008-09-29,673ef5fde369853df7001234
35,Kidnapping,Model team carry mean science special help night conference share.,2008-10-05,Investigating,2015-08-22,673ef5fd1c383cd30b001234
36,Theft,Clearly he detail billion sometimes game.,2020-03-11,Investigating,2022-05-09,673ef5fd19ca14e7ea001234
37,Kidnapping,Animal sign glass language factor body claim down result education.,2006-05-30,Pending,2009-12-23,673ef5fda5bfc9e079001234
38,Kidnapping,Society health figure pay on those set research be garden deal.,2011-12-12,Investigating,2020-11-01,673ef5fda5771bce93001234
39,Kidnapping,Should radio worry place seven loss author value daughter decade security traditional.,2023-01-10,Investigating,2017-06-22,673ef5fdd67d8ab4f4001234
40,Attempt,Agree stuff center should here community meet member production culture.,2018-01-29,Investigating,2008-07-16,673ef5fdd645920e39001234
41,Kidnapping,Way age cause nice right language vote policy difference sport tax agree.,2014-03-09,Closed,2015-10-10,673ef5fd3416a75f4c001234
42,Attempt,Final play take discuss live activity occur.,2023-06-23,Pending,2004-12-23,673ef5fda1d0c6e83f001234
43,Attempt,Sell everybody free develop customer rest laugh religious part condition.,2012-08-29,Pending,2014-12-27,673ef5fd17e62166fc001234
44,Theft,Gas perhaps discuss full on during especially kitchen.,2024-01-26,Pending,2007-05-23,673ef5fdf7177163c8001234
45,Kidnapping,Sister development clear meet full happy concern sea.,2010-12-12,Closed,2013-08-17,673ef5fd6c8349cc72001234
46,Attempt,Owner movie executive TV become religious individual create her economy general within.,2024-07-05,Pending,2014-07-29,673ef5fdd9d4f495e8001234
47,Attempt,Today official skill different get natural.,2006-10-18,Pending,2009-03-17,673ef5fd67c6a1e7ce001234
48,Theft,Summer else memory operation begin seat blue audience research stage add seem.,2006-08-04,Investigating,2006-04-22,673ef5fd642e92efb7001234
49,Attempt,Major manage structure old commercial how example health finish decision direction skill art.,2019-11-04,Investigating,2024-02-11,673ef5fdf457c545a9001234
50,Murder,Least score central wind she room name use hit again soon.,2018-08-11,Pending,2020-08-17,673ef5fdc0c7c76d30001234
51,Theft,Sister direction attention present suddenly low skill growth result believe deal.,2008-03-01,Closed,2018-02-05,673ef5fd2838023a77001234
52,Kidnapping,Just speak surface expert that next together me until.,2021-08-27,Pending,2007-11-08,673ef5fd9a1158154d001234
53,Theft,Difference southern accept four the daughter single usually on receive evidence approach who.,2024-09-30,Pending,2014-08-20,673ef5fdd82c8d1619001234
54,Attempt,Bar when close expect vote allow investment perform food.,2021-09-06,Closed,2014-01-04,673ef5fda684eceee7001234
55,Murder,Make eat I peace century analysis ready.,2014-03-16,Pending,2015-10-12,673ef5fdb53b3a3d6a001234
56,Attempt,Down job apply another author wonder report least trial structure.,2024-05-28,Pending,2010-05-19,673ef5fd9f61408e3a001234
57,Kidnapping,Single begin memory can pay compare measure point somebody black word.,2021-05-19,Pending,2017-10-30,673ef5fd72b32a1f75001234
58,Attempt,So player exist area property board positive.,2010-03-03,Investigating,2015-07-10,673ef5fd66f041e16a001234
59,Kidnapping,Single happy when all speech put over everybody national suggest thank material.,2018-05-11,Closed,2015-06-22,673ef5fd093f65e080001234
60,Kidnapping,Right read sound until play mouth page husband down.,2013-02-14,Investigating,2014-05-07,673ef5fd072b030ba1001234
61,Murder,Drop meet magazine better maybe continue.,2024-07-26,Pending,2015-08-09,673ef5fd7f39f8317f001234
62,Attempt,Agree bank our pressure drive lot account.,2007-01-06,Pending,2005-09-05,673ef5fd44f683a841001234
63,Attempt,Ever his picture sell senior large house leg over magazine left group.,2022-04-22,Pending,2013-07-12,673ef5fd03afdbd66e001234
64,Attempt,Rich enter big upon future Democrat seven standard in artist policy red letter stand.,2005-10-29,Closed,2015-10-08,673ef5fdea5d2f1c46001234
65,Kidnapping,Actually base likely yes seven wonder none.,2023-02-18,Investigating,2012-08-01,673ef5fdfc490ca45c001234
66,Attempt,Place score hour give score expert suddenly.,2011-05-12,Closed,2013-02-17,673ef5fd3295c76acb001234
67,Murder,Manage what sit crime myself different down rise society kind student every.,2009-11-15,Closed,2015-09-26,673ef5fd735b90b456001234
68,Theft,Middle study who policy develop boy sound space show.,2019-09-26,Closed,2018-06-28,673ef5fda3f390d88e001234
69,Murder,Affect listen clearly defense nation appear.,2007-09-14,Closed,2022-07-17,673ef5fd14bfa6bb14001234
70,Attempt,Agency your base all player include interesting civil chance alone hand.,2022-08-28,Pending,2021-01-22,673ef5fd7cbbc409ec001234
71,Murder,Morning need some popular rate customer rule sell hair game ready leave.,2023-01-18,Investigating,2024-06-15,673ef5fde2c420d928001234
72,Murder,Sound dog activity return with late gun of.,2016-01-11,Investigating,2024-02-28,673ef5fd32bb90e897001234
73,Theft,Cold goal say interesting agency cup five something itself small level.,2011-08-05,Pending,2015-11-14,673ef5fdd2ddea18f0001234
74,Kidnapping,Goal ten street but go new brother pattern protect yet.,2017-12-04,Closed,2014-04-19,673ef5fdad61ab1432001234
75,Kidnapping,Industry theory decide wind myself whom.,2024-01-28,Closed,2016-01-02,673ef5fdd09bf41544001234
76,Theft,System write much special place meet modern on production respond yet together mean.,2021-04-15,Pending,2011-04-08,673ef5fdfbd7939d67001234
77,Attempt,Fall project often interview up whole community.,2010-05-25,Pending,2011-06-08,673ef5fd28dd2c7955001234
78,Attempt,Three fund here deep within go so door firm level.,2005-04-11,Pending,2011-03-14,673ef5fd35f4a8d465001234
79,Attempt,Education market she third investment partner deal several production before.,2008-09-04,Investigating,2022-04-28,673ef5fdd1fe173d08001234
80,Theft,There hand public far evidence each argue increase lawyer tell wonder line brother.,2014-03-01,Closed,2015-10-10,673ef5fdf033ab37c3001234
81,Kidnapping,Some training still agreement pretty sister natural fall.,2014-04-27,Investigating,2019-08-11,673ef5fd43ec517d68001234
82,Theft,Spend painting federal reveal mean father seek picture particularly.,2019-10-20,Closed,2011-05-21,673ef5fd9778d5d219001234
83,Murder,Establish front job prevent ability or check.,2018-01-05,Investigating,2024-04-26,673ef5fdfe9fc289c3001234
84,Murder,Prepare maintain without talk say total data allow nor start.,2016-10-28,Closed,2005-05-07,673ef5fd68d30a9594001234
85,Attempt,Upon my expect free note several check cause.,2019-10-16,Pending,2016-04-19,673ef5fd3ef815416f001234
86,Theft,Lay miss wrong spring loss southern gas.,2020-07-18,Investigating,2007-08-26,673ef5fd93db85ed90001234
87,Attempt,Against defense student create cold born manager relationship they business federal loss.,2020-08-10,Closed,2024-11-02,673ef5fdc7e1249ffc001234
88,Kidnapping,Future sound race seek include industry meeting however trade same movement.,2006-09-06,Closed,2009-09-03,673ef5fd2a38a4a931001234
89,Murder,Others remember believe world born crime region water.,2015-07-13,Closed,2010-04-20,673ef5fd7647966b73001234
90,Attempt,Pass night but all color kid say someone stay alone.,2014-06-24,Investigating,2008-11-02,673ef5fd8613985ec4001234
91,Attempt,Member catch here road nor become blue behavior none person school yes.,2014-08-24,Pending,2016-06-04,673ef5fd54229abfcf001234
92,Theft,Employee trial send network team experience clearly language beat.,2019-12-23,Closed,2015-12-23,673ef5fd92cc227532001234
93,Theft,Material mind now open enjoy stay glass.,2022-09-21,Investigating,2014-06-05,673ef5fd98dce83da5001234
94,Attempt,Great though cover table result government color network short.,2015-01-21,Pending,2021-11-01,673ef5fdf4b9ec30ad001234
95,Murder,Field themselves late anyone college turn total concern water.,2005-01-31,Closed,2014-07-25,673ef5fd812b4ba287001234
96,Attempt,Realize though other popular same prepare often according eye approach recognize.,2008-12-08,Investigating,2012-07-25,673ef5fd26657d5ff9001234
97,Attempt,Subject Mrs likely choose culture condition heart left.,2022-03-16,Investigating,2009-11-26,673ef5fde2ef524fbf001234
98,Theft,Direction see set rather Republican night again return heavy send design citizen off.,2021-04-07,Investigating,2010-08-12,673ef5fded3d2c2199001234
99,Murder,Including chair election front character cause personal response compare task your after.,2020-09-02,Pending,2022-05-11,673ef5fdac627ab1cc001234
100,Kidnapping,Other lot sea through base certain.,2014-08-24,Investigating,2017-11-21,673ef5fdf899139df5001234
101,Murder,Test consumer toward respond key off power itself law ten good.,2016-01-12,Investigating,2005-12-16,673ef5fd38b3eff8ba001234
102,Kidnapping,Travel Mrs nothing myself but worker talk test still reach big evening anyone.,2022-02-22,Pending,2012-01-19,673ef5fdec8956637a001234
103,Theft,Event share result art receive year necessary marriage.,2007-08-26,Pending,2008-11-02,673ef5fd6974ce5ac6001234
104,Attempt,Mean too claim keep issue specific in student loss front plant without view receive.,2021-01-11,Closed,2018-12-27,673ef5fdc9e1074f5b001234
105,Theft,Technology drug age rock available what these third decade probably blue budget personal.,2018-01-11,Closed,2012-04-12,673ef5fd65b9eea6e1001234
106,Attempt,Teacher performance seem explain common live light lay in successful.,2010-06-30,Investigating,2021-07-11,673ef5fdf0935e4cd5001234
107,Murder,Join before stop well box recognize expect much subject difference my.,2018-09-30,Investigating,2016-02-10,673ef5fda97da629b0001234
108,Attempt,Painting notice idea trial herself raise central where available TV service.,2013-05-19,Closed,2016-08-09,673ef5fda3c65c2974001234
109,Murder,Business officer bar young themselves light budget professor hard adult keep fill.,2013-01-10,Pending,2024-04-22,673ef5fd2723d092b6001234
110,Kidnapping,Environmental firm important down exist five technology.,2020-02-25,Investigating,2009-11-25,673ef5fd5f93f98352001234
111,Attempt,Newspaper nothing day they evening commercial family bed low.,2006-04-24,Investigating,2009-10-29,673ef5fd698d51a19d001234
112,Theft,Interview capital exist last watch contain shake and wide yourself.,2016-01-02,Investigating,2005-03-04,673ef5fd7f6ffaa6bb001234
113,Murder,State bar answer add fly than.,2018-03-19,Pending,2023-03-28,673ef5fd73278a4a86001234
114,Kidnapping,Add kid somebody week thank garden population.,2011-11-04,Closed,2005-09-02,673ef5fd5fd0b37cd7001234
115,Murder,Very day before identify human kind against his wonder your.,2020-02-21,Pending,2018-01-29,673ef5fd2b44928ae1001234
116,Murder,Value professional around work child prove play save four answer vote.,2013-10-17,Investigating,2024-01-09,673ef5fdc45147dee7001234
117,Murder,Him say affect teach education natural go any exactly stage somebody enjoy.,2022-02-14,Investigating,2022-04-07,673ef5fdeb160de1de001234
118,Murder,Beyond source rather operation a information arrive west others big read however car.,2015-05-14,Pending,2023-02-10,673ef5fd5ef059938b001234
119,Theft,Also seat life fish smile job travel class add and street.,2014-09-22,Pending,2013-09-10,673ef5fd07e1cd7dca001234
120,Murder,Number from example only matter free movement standard attention few record.,2010-07-06,Closed,2011-10-22,673ef5fdda4fb5c6e9001234
121,Murder,Affect family beat maintain hundred outside.,2005-07-27,Investigating,2012-07-01,673ef5fd4c56ff4ce4001234
122,Theft,Evidence wear because blood stock cover whose.,2010-11-18,Investigating,2011-09-20,673ef5fda0a080f42e001234
123,Murder,Their each population wall because five cause.,2014-01-30,Pending,2023-05-21,673ef5fd202cb962ac001234
124,Murder,Current operation cause newspaper reach both music heavy present general high after.,2020-11-28,Pending,2012-07-17,673ef5fdc8ffe9a587001234
125,Murder,Much generation push entire realize national owner newspaper letter after.,2017-05-03,Investigating,2012-08-01,673ef5fd3def184ad8001234
126,Kidnapping,Wait political hand summer protect state ground discover tell close.,2021-12-07,Pending,2010-11-15,673ef5fd069059b7ef001234
127,Kidnapping,Respond picture discover ago method effect name conference as avoid everybody important listen.,2014-09-09,Investigating,2019-05-23,673ef5fdec5decca5e001234
128,Attempt,Candidate development anyone clearly law nothing interview certainly discussion.,2024-04-28,Investigating,2023-08-29,673ef5fd76dc611d6e001234
129,Kidnapping,Prepare whole eight claim kitchen present my war executive.,2016-03-27,Investigating,2010-06-27,673ef5fdd1f491a404001234
130,Kidnapping,Skill participant room under central hour necessary admit store best.,2016-07-23,Closed,2023-10-09,673ef5fd9b8619251a001234
131,Murder,Billion let fact or concern government personal sea age power respond poor.,2008-09-01,Pending,2023-04-20,673ef5fd1afa34a7f9001234
132,Theft,Blue use many reflect government if animal lay evidence shake.,2007-04-04,Closed,2018-02-26,673ef5fd65ded5353c001234
133,Attempt,Small wear task image whether create.,2020-07-04,Investigating,2011-10-21,673ef5fd9fc3d7152b001234
134,Kidnapping,Save manager trade land remember street program subject reduce paper college.,2017-06-07,Pending,2015-01-25,673ef5fd02522a2b27001234
135,Murder,Exactly tax animal everybody worry participant front cell.,2009-08-12,Pending,2013-12-18,673ef5fd7f1de29e6d001234
136,Murder,Car drop region certainly because me almost.,2015-12-24,Closed,2012-02-05,673ef5fd42a0e188f5001234
137,Murder,Ahead reduce skill discuss effect have task oil develop ago strategy follow.,2013-04-05,Pending,2007-05-23,673ef5fd3988c7f88e001234
138,Attempt,Also probably inside class everybody evening floor.,2015-05-12,Closed,2023-05-15,673ef5fd013d407166001234
139,Murder,Visit ask place per firm eat with strategy change while great.,2014-06-23,Closed,2010-06-14,673ef5fde00da03b68001234
140,Murder,Situation medical oil plant upon drop senior yeah.,2020-10-04,Investigating,2007-01-10,673ef5fd1385974ed5001234
141,Murder,Investment own matter today between visit garden area Mr century.,2010-09-28,Pending,2005-04-19,673ef5fd0f28b5d49b001234
142,Attempt,Me kid industry modern seem truth form region think audience.,2015-05-28,Pending,2017-05-07,673ef5fda8baa56554001234
143,Attempt,Analysis perform moment under final under once.,2007-10-09,Closed,2021-06-27,673ef5fd903ce9225f001234
144,Theft,Smile shake amount how just beautiful effect issue whatever hold moment high century.,2009-02-20,Investigating,2011-06-20,673ef5fd0a09c8844b001234
145,Theft,Step remain picture speak to full room him nothing audience amount.,2017-05-22,Pending,2023-10-04,673ef5fd2b24d49505001234
146,Attempt,Increase occur into green involve can.,2013-03-16,Closed,2014-08-30,673ef5fda5e0013237001234
147,Theft,Hope level material city growth always hundred up beat.,2020-05-09,Closed,2016-11-17,673ef5fd8d5e957f29001234
148,Attempt,Natural place full anyone among part bill method card leg.,2022-05-23,Investigating,2019-07-11,673ef5fd47d1e99058001234
149,Kidnapping,Response family its whatever always position art camera others source establish police process.,2023-07-23,Pending,2009-02-08,673ef5fdf2217062e9001234
150,Attempt,Writer scene some left upon wide debate.,2012-12-07,Pending,2008-03-22,673ef5fd7ef605fc8d001234
151,Attempt,Structure same many until save tell deal wait serve election relationship page marriage.,2019-03-29,Closed,2017-02-01,673ef5fda8f15eda80001234
152,Attempt,Political it join run learn analysis buy partner.,2014-01-27,Pending,2021-05-11,673ef5fd37a749d808001234
153,Theft,Firm land floor sort whose some back everybody pull my.,2009-09-25,Investigating,2015-02-19,673ef5fdb3e3e393c7001234
154,Theft,Difficult why production during ever art positive once situation.,2022-09-04,Investigating,2018-11-08,673ef5fd1d7f7abc18001234
155,Theft,Skin response arrive kitchen ago cell this different.,2009-12-04,Pending,2018-07-30,673ef5fd2a79ea27c2001234
156,Kidnapping,Election money trial herself opportunity president.,2015-09-27,Pending,2015-10-22,673ef5fd1c9ac0159c001234
157,Attempt,Difficult risk appear discuss west bit far campaign issue discuss phone four.,2007-07-18,Closed,2012-06-03,673ef5fd6c4b761a28001234
158,Attempt,Woman stage study much talk store.,2006-04-20,Closed,2006-12-21,673ef5fd0640966322001234
159,Attempt,Another manager manage power prepare personal try security father green central performance level.,2024-03-24,Closed,2013-08-12,673ef5fd140f6969d5001234
160,Murder,How remember call exist check leader home.,2020-11-30,Pending,2023-10-15,673ef5fdb73ce398c3001234
161,Kidnapping,Which Congress how country question whom right serve would play.,2021-06-10,Closed,2018-05-30,673ef5fdbd4c9ab730001234
162,Attempt,Couple whatever cover leave space cause before quickly system black sing today big.,2013-02-08,Investigating,2007-12-29,673ef5fd82aa4b0af3001234
163,Murder,During probably certainly race company approach professor decide.,2007-11-06,Investigating,2013-08-09,673ef5fd0777d5c17d001234
164,Attempt,His chance piece get red fight rock argue source choice cost really born.,2011-02-26,Investigating,2010-07-25,673ef5fdfa7cdfad1a001234
165,Murder,Build store you apply bank high purpose character really these get establish.,2010-08-02,Pending,2005-07-07,673ef5fd9766527f2b001234
166,Murder,Not third everybody operation consider series organization education worker need.,2012-02-11,Closed,2013-12-14,673ef5fd7e7757b1e1001234
167,Kidnapping,Protect office ready employee purpose produce on ground their step.,2021-02-06,Pending,2018-06-24,673ef5fd5878a7ab84001234
168,Theft,Son suffer answer early apply them others.,2011-11-15,Closed,2019-07-09,673ef5fd006f52e910001234
169,Murder,Trade decade people who test else authority need bar result.,2015-02-21,Pending,2010-08-22,673ef5fd3636638817001234
170,Murder,Then run green if moment simple range gas interest body manage society foot.,2023-01-21,Closed,2012-07-15,673ef5fd149e9677a5001234
171,Murder,Behind question interesting bag kid offer.,2011-05-24,Investigating,2011-03-06,673ef5fda4a042cf4f001234
172,Murder,Forget total while painting office court here interview generation majority either seven bring.,2010-06-26,Pending,2015-01-13,673ef5fd1ff8a7b5dc001234
173,Attempt,Maybe international near hotel meeting charge hit account kid want final item.,2010-06-19,Pending,2013-08-14,673ef5fdf7e6c85504001234
174,Attempt,Financial lay amount rest who old.,2009-06-13,Closed,2012-07-08,673ef5fdbf8229696f001234
175,Attempt,Place friend such such best thousand national.,2005-12-21,Pending,2011-07-25,673ef5fd8216124282001234
176,Theft,Everyone true activity affect inside by represent drug minute.,2024-02-14,Closed,2017-03-07,673ef5fd38af86134b001234
177,Attempt,Film message begin often effort two break course owner audience until reduce see.,2010-01-10,Pending,2006-02-26,673ef5fd96da2f590c001234
178,Murder,Skill west treat statement home each area near.,2007-04-18,Investigating,2012-06-13,673ef5fd8f85517967001234
179,Kidnapping,Interest assume against garden certainly article structure piece participant born management past.,2011-01-16,Investigating,2005-01-24,673ef5fd8f53295a73001234
180,Theft,Wonder road economic light gas prove prevent guy important financial heart.,2017-10-16,Pending,2018-09-14,673ef5fd045117b0e0001234
181,Kidnapping,More use become lose none cost information.,2010-04-13,Closed,2017-04-22,673ef5fdfc22130974001234
182,Attempt,Water while second teacher present nearly father.,2006-11-11,Investigating,2016-02-20,673ef5fd4c5bde74a8001234
183,Attempt,Collection ever Republican source drop character claim can debate.,2016-09-06,Investigating,2018-08-19,673ef5fdcedebb6e87001234
184,Theft,Miss agency home reveal do smile throw sit.,2009-01-07,Closed,2011-07-16,673ef5fd6cdd60ea00001234
185,Kidnapping,Police agree throughout defense know wear cost magazine.,2013-04-05,Pending,2024-06-17,673ef5fdeecca5b636001234
186,Kidnapping,Cold include system in spring wall action.,2006-07-02,Closed,2017-10-30,673ef5fd9872ed9fc2001234
187,Murder,Capital sign city court happen everyone task foot always will.,2012-12-25,Pending,2017-01-25,673ef5fd31fefc0e57001234
188,Murder,Institution operation answer possible edge none just all operation at field water.,2017-04-11,Pending,2008-05-30,673ef5fd9dcb88e013001234
189,Murder,Process age education heavy check another summer that pressure station wear ask first.,2020-01-06,Pending,2022-06-08,673ef5fda2557a7b2e001234
190,Murder,Animal billion section soon popular pick day budget especially executive store by.,2005-09-29,Closed,2023-12-01,673ef5fdcfecdb276f001234
191,Theft,Executive threat nor weight method decide science.,2023-12-26,Pending,2017-12-20,673ef5fd0aa1883c64001234
192,Murder,No throughout government accept prove example choice.,2019-05-13,Investigating,2024-01-23,673ef5fd58a2fc6ed3001234
193,Attempt,Accept agency not believe father return firm suffer scene start often.,2022-06-14,Pending,2011-10-20,673ef5fdbd686fd640001234
194,Kidnapping,Agent over number industry television quite about continue.,2006-01-05,Investigating,2019-12-18,673ef5fda597e50502001234
195,Attempt,Real beautiful receive break indicate guess now there successful.,2020-04-09,Closed,2009-02-20,673ef5fd0336dcbab0001234
196,Theft,Dog man up economy popular end model compare particularly final.,2022-03-22,Pending,2009-07-10,673ef5fd084b6fbb10001234
197,Kidnapping,Out those season picture former none anyone plan hard Mr.,2005-11-27,Closed,2021-09-20,673ef5fd85d8ce590a001234
198,Theft,Together wait interesting nothing consider wind be later personal imagine house meeting sense.,2010-10-14,Pending,2007-07-15,673ef5fd0e65972dce001234
199,Kidnapping,Position card change rule marriage remember soldier four stop allow air ball.,2006-11-13,Closed,2012-10-27,673ef5fd84d9ee44e4001234
200,Murder,Central call how foot discussion station race record national painting account.,2008-03-20,Investigating,2013-11-18,673ef5fd3644a684f9001234
201,Attempt,During small walk should treatment contain my trade executive agent analysis yes.,2005-05-12,Pending,2023-07-09,673ef5fd757b505cfd001234
202,Attempt,Line attack lay job group family analysis trip listen eight society leader.,2017-01-07,Closed,2012-05-25,673ef5fd854d6fae5e001234
203,Theft,Official maybe end population lay money bit worker on.,2017-01-04,Investigating,2017-11-11,673ef5fde2c0be2456001234
204,Attempt,Forget first interview effort easy inside I whole next though anyone.,2012-02-28,Investigating,2011-07-21,673ef5fd274ad4786c001234
205,Theft,My attack pull concern road close maintain eat listen guess without chance.,2017-04-26,Pending,2008-01-25,673ef5fdeae27d77ca001234
206,Theft,Your accept message most raise ago.,2023-01-15,Investigating,2021-09-04,673ef5fd7eabe3a164001234
207,Murder,Treatment miss meet little top buy audience daughter condition year spring defense week.,2019-04-20,Pending,2021-05-17,673ef5fd69adc1e107001234
208,Kidnapping,Figure fund decide feel foreign bank your business benefit democratic seek always.,2013-10-10,Closed,2007-02-27,673ef5fd091d584fce001234
209,Murder,Trip no finish important rich whom value sister.,2022-06-25,Pending,2012-02-19,673ef5fdb1d10e7baf001234
210,Kidnapping,Them clear suggest ability debate until if human choice create.,2005-03-20,Closed,2016-09-05,673ef5fd6f3ef77ac0001234
211,Kidnapping,Price reach everyone network young which less serious court teacher over amount.,2020-05-12,Pending,2006-08-04,673ef5fdeb16372791001234
212,Attempt,Note training reason those draw successful fly knowledge their.,2009-08-15,Pending,2011-10-03,673ef5fd1534b76d32001234
213,Murder,My attention itself hospital chance look total soon from amount analysis occur teacher.,2013-01-23,Investigating,2007-02-06,673ef5fd979d472a84001234
214,Theft,Use red sign as pattern firm often build.,2017-02-26,Pending,2022-05-11,673ef5fdca46c1b951001234
215,Attempt,Outside success follow arm glass modern speak.,2018-07-21,Pending,2008-07-06,673ef5fd3b8a614226001234
216,Theft,Fish send here material design inside strong leave institution discuss middle quickly.,2021-01-25,Closed,2006-11-26,673ef5fd45fbc6d3e0001234
217,Kidnapping,Clearly tonight choice how price American forward this responsibility pull clear space.,2010-11-25,Closed,2018-10-12,673ef5fd63dc7ed101001234
218,Theft,About wish rich decision whether foot.,2018-05-12,Investigating,2015-02-17,673ef5fde96ed478da001234
219,Theft,Bar seven imagine soon view country.,2005-11-14,Investigating,2015-10-27,673ef5fdc0e190d826001234
220,Murder,Project fish agency fire popular school model help hospital.,2006-02-03,Investigating,2013-06-29,673ef5fdec8ce6abb3001234
221,Theft,May city firm half buy community marriage.,2008-08-06,Investigating,2019-08-30,673ef5fd060ad92489001234
222,Theft,Lose large himself cut serious believe cell.,2019-12-17,Pending,2009-01-01,673ef5fdbcbe3365e6001234
223,Theft,Family coach character bed whether traditional peace red under knowledge none.,2009-06-09,Pending,2013-03-23,673ef5fd115f895031001234
224,Theft,Must turn one politics analysis school outside best fight with capital up skill.,2008-10-24,Pending,2011-11-07,673ef5fd13fe9d8431001234
225,Attempt,Late girl film out animal strong table both current prepare city resource.,2014-04-21,Pending,2008-04-14,673ef5fdd1c38a09ac001234
226,Murder,Summer always easy simple section least.,2022-04-18,Pending,2006-11-09,673ef5fd9cfdf10e8f001234
227,Kidnapping,Few language local course product nature protect fear military month walk top girl.,2020-09-17,Investigating,2021-10-07,673ef5fd705f217283001234
228,Theft,Against national car structure body system environment.,2007-04-05,Closed,2017-10-25,673ef5fd74db120f0a001234
229,Attempt,Others science matter knowledge level service decision work any allow building officer.,2010-03-17,Pending,2022-10-23,673ef5fd57aeee35c9001234
230,Theft,Economy reflect significant election candidate measure.,2015-02-15,Pending,2019-01-20,673ef5fd6da9003b74001234
231,Attempt,Live or also view no same nice sea enough table.,2013-02-07,Closed,2006-06-21,673ef5fd9b04d15284001234
232,Attempt,Office throw officer money place civil loss day recently start defense.,2007-02-27,Investigating,2012-11-13,673ef5fdbe83ab3ecd001234
233,Theft,Until agree American ground cause sound especially including.,2019-03-26,Closed,2008-03-11,673ef5fde165421110001234
234,Kidnapping,Name serve adult offer suggest eight common that pay cold boy amount.,2006-08-20,Pending,2021-04-27,673ef5fd289dff0766001234
235,Murder,Party them old message food today.,2014-05-07,Pending,2009-07-31,673ef5fd577ef1154f001234
236,Kidnapping,Against heart say act suddenly degree right executive.,2023-08-19,Investigating,2020-11-08,673ef5fd01161aaa0b001234
237,Murder,Sing artist cup security experience serious think why practice education.,2016-08-28,Closed,2014-02-28,673ef5fd539fd53b59001234
238,Kidnapping,Hand most need own edge history can.,2022-03-02,Closed,2006-11-15,673ef5fdac1dd209cb001234
239,Theft,Food of commercial go none play amount report mother color.,2019-08-04,Pending,2014-12-10,673ef5fd555d6702c9001234
240,Murder,Her president today wish career right trip model see where seek onto.,2014-05-10,Pending,2008-05-12,673ef5fd335f535208001234
241,Kidnapping,Against play rich people ready direction race first another language day.,2013-10-24,Closed,2018-08-09,673ef5fdf340f1b1f6001234
242,Kidnapping,Before believe we break road card seven.,2019-07-07,Investigating,2013-08-11,673ef5fde4a6222cdb001234
243,Kidnapping,Call old individual either national new professor such listen food fly enter.,2011-12-25,Pending,2014-10-05,673ef5fdcb70ab3756001234
244,Kidnapping,Participant PM former stand region return real rock cover reason consumer no.,2014-06-18,Closed,2013-06-13,673ef5fd9188905e74001234
245,Theft,Heart miss play which once begin suggest.,2021-04-12,Pending,2015-12-25,673ef5fd0266e33d3f001234
246,Attempt,Better speech project easy much keep dog book sister term provide of write.,2010-07-29,Pending,2015-07-16,673ef5fd38db3aed92001234
247,Attempt,Continue along then recent important name method white policy hand.,2020-06-25,Pending,2009-08-06,673ef5fd3cec07e9ba001234
248,Theft,Onto interest score director light light wish western among than.,2019-01-31,Investigating,2024-03-11,673ef5fd621bf66ddb001234
249,Theft,Memory other role to establish half fact ok.,2021-07-01,Pending,2008-01-31,673ef5fd077e29b11b001234
250,Murder,Miss scientist notice study alone argue research doctor administration.,2006-01-13,Investigating,2022-03-03,673ef5fd6c9882bbac001234
251,Theft,Watch wall hear power them eye traditional explain eight maybe bed hear attention.,2004-12-28,Pending,2015-12-04,673ef5fd19f3cd308f001234
252,Theft,Provide if week language less enough but charge value big before.,2021-03-26,Investigating,2012-05-12,673ef5fd03c6b06952001234
253,Murder,Economic Democrat adult fly place join no significant international consider both wall.,2015-04-02,Pending,2006-05-29,673ef5fdc24cd76e1c001234
254,Murder,Interest rock car practice seat do nature leader start under recognize.,2012-06-17,Pending,2005-02-17,673ef5fdc52f1bd66c001234
255,Kidnapping,Both eight value western plant anything allow deep yet.,2009-12-17,Pending,2015-11-18,673ef5fdfe131d7f5a001234
256,Murder,Five technology society become most perhaps Mrs often trial seek.,2023-11-15,Closed,2008-10-26,673ef5fdf718499c1c001234
257,Theft,And environmental how suggest maybe include again resource concern institution many wait pattern.,2019-11-12,Closed,2021-01-12,673ef5fdd96409bf89001234
258,Kidnapping,Sometimes expect hospital country myself authority.,2011-05-03,Closed,2014-07-11,673ef5fd502e4a1693001234
259,Theft,Doctor environmental indicate half per probably represent test group support.,2021-12-16,Pending,2014-07-02,673ef5fdcfa0860e83001234
260,Kidnapping,Organization purpose recently leader then then stay election arrive.,2006-12-10,Investigating,2010-04-15,673ef5fda4f23670e1001234
261,Murder,Support teach whose century author no when become.,2013-04-15,Pending,2021-12-28,673ef5fdb1a59b315f001234
262,Kidnapping,Other media cold important rule learn necessary culture someone.,2017-05-15,Pending,2008-05-31,673ef5fd36660e5985001234
263,Theft,Collection television drug top moment environmental get can former generation newspaper between collection.,2012-07-21,Investigating,2013-03-20,673ef5fd8c19f571e2001234
264,Attempt,Own decision base nice politics indicate Mrs conference finish.,2005-12-31,Pending,2009-06-24,673ef5fdd6baf65e0b001234
265,Theft,Page school offer agency bank stock open.,2008-02-09,Pending,2011-12-28,673ef5fde56954b4f6001234
266,Murder,Director process whole early wear suddenly red power walk very fine meeting.,2012-02-05,Investigating,2017-01-29,673ef5fdf7664060cc001234
267,Murder,Goal chance human stuff born black present man.,2013-05-08,Closed,2011-02-24,673ef5fdeda80a3d5b001234
268,Attempt,Indicate learn thing call event sort.,2017-05-07,Pending,2014-02-23,673ef5fd8f121ce07d001234
269,Attempt,Girl choose hit candidate meet everybody knowledge today.,2024-02-08,Pending,2006-06-05,673ef5fd06138bc5af001234
270,Theft,Although president thing senior easy sit the citizen though former.,2021-06-15,Pending,2006-12-21,673ef5fd39059724f7001234
271,Murder,Soon work politics today focus level through buy push ten.,2011-02-23,Closed,2024-09-16,673ef5fd7f100b7b36001234
272,Theft,Media will rock market blue truth.,2008-10-15,Pending,2021-11-18,673ef5fd7a614fd06c001234
273,Kidnapping,Various hair provide activity hope audience prepare lot answer put.,2011-10-01,Investigating,2005-03-17,673ef5fd4734ba6f3d001234
274,Attempt,International official event interest just benefit law particularly cause.,2007-06-28,Closed,2024-07-11,673ef5fdd947bf06a8001234
275,Theft,Eat best admit character fear serious effort.,2013-05-17,Closed,2007-12-18,673ef5fd63923f49e5001234
276,Kidnapping,General politics late common fast significant argue social protect pull visit almost.,2014-12-31,Closed,2012-09-29,673ef5fddb8e1af0cb001234
277,Theft,Toward reason threat talk off left end drive trip.,2023-12-26,Closed,2014-12-29,673ef5fd20f07591c6001234
278,Attempt,Father up argue employee team rule majority past chair either later.,2011-10-01,Closed,2023-12-06,673ef5fd07cdfd2337001234
279,Attempt,Modern deep senior school heavy go else soon.,2017-06-25,Investigating,2011-04-09,673ef5fdd395771085001234
280,Murder,Clear area investment have do last director member how what sign happen wonder.,2010-06-05,Investigating,2006-01-30,673ef5fd92c8c96e4c001234
281,Kidnapping,Why cause before dinner language interview away prepare important join.,2008-01-12,Investigating,2013-05-22,673ef5fde3796ae838001234
282,Theft,Argue son lawyer he throw time.,2018-12-23,Pending,2019-03-12,673ef5fd6a9aeddfc6001234
283,Murder,Artist director cut including like smile pressure also subject us notice nation son.,2018-09-09,Pending,2004-12-04,673ef5fd0f49c89d1e001234
284,Murder,Painting among young over yet ask question production me reality white.,2020-11-19,Pending,2005-12-29,673ef5fd46ba9f2a69001234
285,Theft,Rate generation full site whom he staff him field.,2023-05-28,Investigating,2017-12-18,673ef5fd0e01938fc4001234
286,Attempt,Score must network scientist yourself medical give.,2012-06-25,Investigating,2013-05-17,673ef5fd16a5cdae36001234
287,Kidnapping,Third send result picture material win two civil most marriage including employee station be.,2011-03-21,Investigating,2020-06-04,673ef5fd918317b579001234
288,Attempt,Finish prove stay case although billion raise product school serve.,2023-08-24,Pending,2024-02-12,673ef5fd48aedb8880001234
289,Theft,Cell and about animal television business evening technology.,2022-11-21,Pending,2011-01-26,673ef5fd839ab46820001234
290,Murder,Goal difference group system store to cultural.,2007-01-02,Investigating,2008-01-30,673ef5fdf90f2aca5c001234
291,Kidnapping,Call word other cup human apply particular we through believe.,2011-10-30,Investigating,2005-03-12,673ef5fd9c838d2e45001234
292,Attempt,Respond send finally let course our memory reduce this art institution military.,2009-07-31,Closed,2017-08-13,673ef5fd1700002963001234
293,Attempt,Look easy culture sing necessary bill deal the heart traditional stand surface.,2024-03-08,Investigating,2010-05-05,673ef5fd53c3bce66e001234
294,Attempt,Which imagine action good factor deep challenge camera car decide purpose serious.,2020-04-02,Closed,2006-05-03,673ef5fd6883966fd8001234
295,Murder,Experience face second as this woman public travel player population mission once race.,2007-01-31,Investigating,2014-05-27,673ef5fd49182f81e6001234
296,Theft,On hour should data hear debate trade hot rise town class inside dinner.,2010-10-09,Closed,2013-07-22,673ef5fdd296c101da001234
297,Kidnapping,Hold institution itself collection body everything game under enjoy heavy.,2020-12-26,Investigating,2005-03-06,673ef5fd9fd81843ad001234
298,Attempt,Strategy here consumer develop amount whatever sit organization another wrong sort story.,2023-03-17,Closed,2019-03-18,673ef5fd26e359e838001234
299,Kidnapping,Hair work water science your my care school Democrat toward nor well run.,2016-02-05,Pending,2009-03-16,673ef5fdef0d3930a7001234
300,Kidnapping,Too gas her item activity do toward impact sing likely ability.,2019-04-04,Closed,2015-03-25,673ef5fd94f6d7e04a001234
301,Theft,Remember various resource report treat important others.,2009-09-25,Pending,2015-04-02,673ef5fd34ed066df3001234
302,Murder,Country must reflect task open citizen lose behavior charge.,2011-03-22,Closed,2010-12-30,673ef5fd577bcc914f001234
303,Murder,Long Mr offer example case full blood computer agreement expert finally.,2023-11-13,Closed,2019-10-23,673ef5fd11b9842e0a001234
304,Attempt,Perform action sport structure art tend effort.,2018-01-21,Investigating,2016-02-28,673ef5fd37bc2f75bf001234
305,Theft,Key although buy arm newspaper lead.,2011-03-20,Investigating,2019-02-03,673ef5fd496e05e1ae001234
306,Kidnapping,Account inside character almost pick who finish avoid reduce.,2009-12-17,Closed,2018-11-12,673ef5fdb2eb734903001234
307,Murder,Trade air pattern side onto thing together.,2023-04-18,Closed,2005-12-23,673ef5fd8e98d81f82001234
308,Kidnapping,Establish me practice state goal without exist both beyond.,2013-07-10,Pending,2010-08-10,673ef5fda8c88a0055001234
309,Theft,Husband word smile well color at education your girl carry eight.,2005-10-25,Closed,2005-04-25,673ef5fdeddea82ad2001234
310,Murder,Hold available condition hot watch view floor them change mind.,2008-08-17,Pending,2009-09-12,673ef5fd06eb61b839001234
311,Murder,Continue wish cause pick want heavy word practice region painting south ability.,2019-08-24,Closed,2009-03-19,673ef5fd9dfcd5e558001234
312,Murder,Interest force become if attack always economy between.,2005-09-12,Pending,2017-12-24,673ef5fd950a4152c2001234
313,Attempt,Rich produce page each bring find responsibility fear chance someone.,2017-09-10,Investigating,2016-08-20,673ef5fd158f3069a4001234
314,Attempt,Remain theory pick behavior open evening road new open such build as.,2011-05-14,Pending,2021-11-08,673ef5fd758874998f001234
315,Murder,Full sell draw learn late involve each.,2021-08-07,Closed,2015-11-13,673ef5fdad13a2a07c001234
316,Attempt,Report war result word conference treat party later discuss approach will.,2009-09-16,Pending,2012-11-09,673ef5fd3fe94a0023001234
317,Attempt,Difference see heart side weight sit business wear turn prevent under receive mother identify.,2014-02-12,Pending,2008-04-24,673ef5fd5b8add2a5d001234
318,Theft,Information skin my speak determine worker what another.,2005-07-15,Pending,2010-08-17,673ef5fd432aca3a1e001234
319,Theft,Position instead sister voice rather reveal pretty do wear strong.,2007-01-22,Closed,2010-09-16,673ef5fd8d3bba7425001234
320,Kidnapping,Traditional key writer society available loss.,2019-07-20,Investigating,2010-09-14,673ef5fd320722549d001234
321,Theft,Like exactly part occur line great machine practice.,2013-11-25,Closed,2015-05-25,673ef5fdcaf1a3dfb5001234
322,Attempt,Pattern our box speak nothing well something available manager soldier thus house anything.,2019-11-01,Investigating,2022-01-05,673ef5fd5737c6ec2e001234
323,Theft,Environment support to stock talk certainly onto concern loss newspaper bad name.,2007-08-08,Closed,2019-06-29,673ef5fdbc6dc48b74001234
324,Theft,Various cause thousand leg score movie.,2016-07-20,Investigating,2010-01-21,673ef5fdf2fc990265001234
325,Kidnapping,President garden practice will view indeed them surface almost source agree eat in.,2009-06-04,Closed,2006-07-02,673ef5fd89f0fd5c92001234
326,Theft,Trip I country mind defense generation cup care decade trouble less.,2005-04-29,Closed,2006-01-11,673ef5fda666587afd001234
327,Theft,Yeah rule response safe finish hour century.,2009-05-26,Closed,2024-05-08,673ef5fdb83aac23b9001234
328,Kidnapping,Person issue cultural really admit west their speech together everyone.,2022-02-26,Investigating,2023-12-09,673ef5fdcd00692c3b001234
329,Kidnapping,Social rule positive account sea bar today reach teacher pretty wait throughout remain.,2024-10-02,Investigating,2008-08-28,673ef5fd6faa8040da001234
330,Murder,Lose usually action father affect skill home read.,2010-05-05,Pending,2021-12-13,673ef5fdfe73f687e5001234
331,Attempt,Well than point road seem close of level contain beat significant.,2012-08-07,Investigating,2013-05-08,673ef5fd6da37dd313001234
332,Theft,Particularly blood charge forget night different material detail.,2013-04-15,Investigating,2011-03-19,673ef5fdc042f4db68001234
333,Attempt,Still through hot career exactly stock low skin father spring seat view.,2014-10-18,Pending,2009-06-23,673ef5fd310dcbbf4c001234
334,Murder,Second level another family drop federal left quality that both his claim relate.,2005-10-07,Closed,2017-01-13,673ef5fd2f2b265625001234
335,Attempt,Our protect wall pick war popular animal too.,2020-07-15,Closed,2019-12-09,673ef5fdf9b902fc32001234
336,Attempt,Wife foot argue give friend detail discuss question into thus one cell.,2011-10-01,Investigating,2007-10-30,673ef5fd6855456e2f001234
337,Kidnapping,Relate certainly body ball religious large.,2022-07-29,Investigating,2021-09-08,673ef5fd357a6fdf76001234
338,Attempt,Day determine kid daughter house ask remember accept meet approach.,2016-02-15,Investigating,2009-09-30,673ef5fd819f46e52c001234
339,Attempt,Worker north born agency network site condition deep list evening.,2006-07-16,Investigating,2015-01-09,673ef5fd04025959b1001234
340,Murder,Can response city education PM job different million already population growth peace.,2017-07-05,Investigating,2015-02-24,673ef5fd40008b9a53001234
341,Kidnapping,It fly area newspaper fine leader test.,2015-12-15,Pending,2019-06-14,673ef5fd3dd48ab31d001234
342,Theft,Fund others sense movie according hair great these right religious song development artist.,2007-03-05,Closed,2010-07-23,673ef5fd58238e9ae2001234
343,Theft,Air cell other in shoulder environmental.,2016-08-23,Closed,2013-02-13,673ef5fd3ad7c2ebb9001234
344,Kidnapping,Fast mother country she save peace read.,2024-09-23,Closed,2013-02-27,673ef5fdb3967a0e93001234
345,Attempt,Almost lay himself little film even friend goal hard alone relate final.,2020-02-21,Investigating,2012-12-14,673ef5fdd81f9c1be2001234
346,Murder,Condition only event individual environment enjoy begin throw laugh where.,2009-05-28,Closed,2019-05-15,673ef5fd13f9896df6001234
347,Attempt,Case since feeling choice since rest ability professional mind science between south.,2023-10-13,Closed,2009-11-11,673ef5fdc5ff2543b5001234
348,Kidnapping,Chair fall set inside figure past finish build social point east thing.,2020-03-08,Closed,2020-05-03,673ef5fd01386bd6d8001234
349,Theft,Gun Mrs kid notice lead factor establish card white including add arm mission.,2015-03-17,Pending,2016-10-25,673ef5fd0bb4aec171001234
350,Murder,From run offer measure place glass west stage.,2006-12-14,Closed,2014-08-10,673ef5fd9de6d14fff001234
351,Murder,Decision people nature service control hour husband garden compare.,2011-12-22,Investigating,2015-05-20,673ef5fdefe937780e001234
352,Kidnapping,Place leg measure lawyer represent leave read painting edge truth establish quality leg out.,2017-12-27,Closed,2022-07-05,673ef5fd371bce7dc8001234
353,Kidnapping,Various they seem source environment performance material action.,2011-04-04,Investigating,2012-01-05,673ef5fd138bb06965001234
354,Murder,Analysis hope grow other stuff ability.,2010-09-01,Closed,2018-06-30,673ef5fd8dd48d6a2e001234
355,Attempt,Stuff create two fight necessary forget audience line we stop past forward article.,2009-06-16,Investigating,2019-12-27,673ef5fd82cec96096001234
356,Attempt,Ground major industry consider just doctor myself per.,2019-06-25,Investigating,2012-03-31,673ef5fd6c524f9d5d001234
357,Murder,Include condition test record people wind.,2016-09-12,Pending,2019-08-12,673ef5fdfb7b9ffa54001234
358,Kidnapping,Blue around several break purpose notice a level black fine expect finally.,2012-11-27,Investigating,2021-06-08,673ef5fdaa942ab2bf001234
359,Attempt,Director life daughter really fund talk member.,2009-08-01,Investigating,2015-04-21,673ef5fdc058f544c7001234
360,Murder,Individual discussion number act provide book follow forget author top cup where hospital.,2010-04-24,Investigating,2022-03-16,673ef5fde7b24b112a001234
361,Kidnapping,Enjoy professional tonight determine treatment serious.,2011-05-23,Pending,2010-12-16,673ef5fd52720e0035001234
362,Murder,Early under effort every end bad party.,2006-03-21,Closed,2014-12-12,673ef5fdc3e878e27f001234
363,Kidnapping,Evening ability mean two sign provide similar bag your last try.,2013-11-07,Pending,2019-11-01,673ef5fd00411460f7001234
364,Theft,Off woman different model candidate parent reveal way reach spend boy describe radio.,2022-01-15,Investigating,2020-10-11,673ef5fdbac9162b47001234
365,Attempt,Push world win raise toward agree realize particular well notice.,2024-05-25,Closed,2012-02-20,673ef5fd9be40cee5b001234
366,Murder,Life professor about up support store think.,2024-11-06,Closed,2009-05-12,673ef5fd5ef698cd9f001234
367,Theft,Name former meeting of environmental actually our talk better service.,2021-11-26,Closed,2015-01-30,673ef5fd05049e90fa001234
368,Attempt,About southern make become author describe raise bar field wife article.,2018-02-22,Pending,2019-06-15,673ef5fdcf004fdc76001234
369,Attempt,Treat unit sure tax machine car.,2024-04-24,Closed,2024-03-31,673ef5fd0c74b7f784001234
370,Attempt,Employee owner analysis someone any just apply argue shake tough sing speech.,2013-01-29,Investigating,2021-02-24,673ef5fdd709f38ef7001234
371,Murder,Model evening write sit dark mind television way effect camera.,2009-12-15,Closed,2019-04-09,673ef5fd41f1f19176001234
372,Murder,Break bit mission property start school offer into.,2014-12-27,Closed,2023-07-14,673ef5fd24b16fede9001234
373,Attempt,Stuff room sort from economy maybe big.,2023-03-29,Pending,2020-02-18,673ef5fdffd52f3c7e001234
374,Murder,Time say world image leg your avoid woman letter.,2014-05-14,Investigating,2018-01-20,673ef5fdad972f10e0001234
375,Kidnapping,Learn star gas recent south deep.,2008-02-21,Investigating,2015-09-02,673ef5fdf61d694746001234
376,Attempt,Design cup food loss name fast positive.,2023-06-14,Pending,2018-11-01,673ef5fd142949df56001234
377,Theft,Development produce yourself ask low speech floor that value mention picture effort.,2023-04-10,Closed,2018-11-17,673ef5fdd34ab169b7001234
378,Attempt,Lead point send threat but technology network child impact.,2024-04-04,Closed,2011-11-19,673ef5fd8bf1211fd4001234
379,Theft,Day Republican second many sound do thing war material edge trouble identify.,2014-02-23,Investigating,2020-12-23,673ef5fda02ffd91ec001234
380,Kidnapping,Few point might exist daughter region line right national machine body.,2007-11-14,Investigating,2011-06-03,673ef5fdbca82e41ee001234
381,Murder,Should ten federal thus follow similar indeed responsibility table available new.,2016-03-18,Investigating,2012-02-27,673ef5fd00ec53c468001234
382,Attempt,Agency indicate whatever religious line follow sport end five.,2016-09-02,Pending,2009-03-08,673ef5fd4f6ffe13a5001234
383,Kidnapping,Public still history professional kid who determine black stand true.,2011-06-02,Pending,2013-03-05,673ef5fdbeed13602b001234
384,Kidnapping,Them class expect officer face some.,2021-08-31,Pending,2020-07-31,673ef5fd0584ce565c001234
385,Theft,Southern economic stand take scene lawyer by break reality car PM ball share.,2006-11-28,Pending,2005-01-30,673ef5fddc912a253d001234
386,Attempt,Commercial case situation deep paper fire practice she arm few.,2015-05-16,Closed,2014-09-19,673ef5fd39461a19e9001234
387,Kidnapping,Although television something lawyer scene least should model generation for.,2024-03-13,Pending,2016-02-16,673ef5fd8efb100a29001234
388,Theft,Modern road adult we process out history store special particular small television.,2017-09-20,Pending,2011-03-28,673ef5fdd9fc5b73a8001234
389,Kidnapping,Catch begin report fire total much daughter skill new create growth Mr.,2021-06-16,Closed,2008-10-12,673ef5fdc86a7ee3d8001234
390,Murder,Also suffer article general large either tax.,2008-05-13,Investigating,2009-02-19,673ef5fda01a0380ca001234
391,Theft,Bit bit name cultural pattern phone any financial daughter.,2006-05-25,Investigating,2020-02-03,673ef5fd5a4b25aaed001234
392,Murder,Sport better budget direction people hear picture.,2005-11-20,Pending,2013-10-10,673ef5fdf73b76ce89001234
393,Murder,Understand all color outside bar girl knowledge air training behind.,2015-01-27,Pending,2022-08-24,673ef5fd70c639df5e001234
394,Theft,Film under someone bar production international Mrs pattern already statement.,2014-02-21,Closed,2023-10-06,673ef5fd28f0b86459001234
395,Theft,Detail watch discuss onto agency help American.,2010-08-22,Pending,2023-01-14,673ef5fd1543843a47001234
396,Theft,Prevent letter term about remember talk against box eight give.,2010-09-21,Closed,2022-11-26,673ef5fdf8c1f23d6a001234
397,Theft,Security toward idea issue over piece whose.,2022-04-23,Pending,2016-11-19,673ef5fde46de7e1bc001234
398,Attempt,Sort power back answer else I item early cup level save student.,2024-01-27,Closed,2008-12-27,673ef5fdb7b16ecf8c001234
399,Murder,College serve authority benefit player defense difficult situation turn direction high.,2024-01-17,Closed,2020-09-07,673ef5fd352fe25daf001234
400,Kidnapping,Discover together look cultural walk every charge sometimes.,2005-09-30,Pending,2020-11-02,673ef5fd18d8042386001234
401,Murder,Including baby still stock body let husband too.,2024-07-05,Closed,2010-12-17,673ef5fd816b112c61001234
402,Murder,Lose instead table character executive drug left campaign.,2011-01-02,Closed,2016-08-28,673ef5fd69cb3ea317001234
403,Attempt,Fact under affect enjoy why speech hundred of.,2022-09-29,Pending,2012-11-22,673ef5fdbbf94b34eb001234
404,Kidnapping,Night management right network add present response lead.,2015-12-04,Investigating,2015-06-03,673ef5fd4f4adcbf8c001234
405,Theft,Behavior power tree toward however role strategy set.,2022-04-18,Investigating,2009-07-08,673ef5fdbbcbff5c1f001234
406,Attempt,Rest work two person good north around state industry about inside.,2008-01-16,Investigating,2012-05-06,673ef5fd8cb22bdd0b001234
407,Murder,Probably born risk bag person lay.,2010-05-25,Investigating,2010-08-18,673ef5fdf4f6dce2f3001234
408,Theft,Involve campaign know remember gas central third end receive ground final bed chair.,2012-07-14,Closed,2010-01-24,673ef5fd0d0fd7c6e0001234
409,Murder,History respond itself physical news southern much effect.,2010-08-14,Investigating,2012-12-01,673ef5fda96b65a721001234
410,Attempt,Anyone our trip accept likely red mind wait manager actually try art.,2010-08-15,Pending,2021-01-06,673ef5fd1068c6e4c8001234
411,Theft,However forward can section card push nation south knowledge ball card tend value.,2023-12-16,Pending,2005-12-14,673ef5fd17d63b1625001234
412,Theft,Food must traditional painting final hard live through.,2008-06-19,Pending,2013-06-13,673ef5fdb9228e0962001234
413,Kidnapping,Television night green fast control common you blood no despite.,2014-11-17,Investigating,2023-10-14,673ef5fd0deb1c5481001234
414,Attempt,Economic forget strong fund future court my data lawyer apply begin power view simply.,2013-07-14,Pending,2018-05-03,673ef5fd66808e327d001234
415,Murder,Trip future need almost may conference piece action.,2019-02-08,Investigating,2019-09-23,673ef5fd42e7aaa88b001234
416,Theft,Despite data run main region more almost however.,2006-02-13,Closed,2008-11-28,673ef5fd8fe0093bb3001234
417,Attempt,Arm middle heart discussion catch local course easy.,2005-06-20,Investigating,2016-08-11,673ef5fd41ae36ecb9001234
418,Kidnapping,Explain could open thought senior pattern recognize agent.,2019-01-15,Pending,2007-03-15,673ef5fdd1f255a373001234
419,Theft,Sometimes tax serious alone generation before customer car item type.,2021-07-28,Pending,2013-07-05,673ef5fd7eacb53257001234
420,Murder,Surface improve begin movie central make phone receive food analysis office.,2015-03-06,Investigating,2018-12-08,673ef5fdb6f0479ae8001234
421,Theft,Star understand age movement reason surface tree where bed past check.,2022-04-11,Investigating,2018-03-24,673ef5fde0c641195b001234
422,Murder,Home player scientist practice be treat knowledge each.,2024-04-02,Pending,2017-03-21,673ef5fdf85454e827001234
423,Attempt,Through commercial draw they fish less decision painting turn job door top.,2011-05-25,Closed,2019-03-30,673ef5fdfaa9afea49001234
424,Kidnapping,Country need watch attention mean foot.,2007-07-19,Investigating,2019-07-15,673ef5fd3c7781a36b001234
425,Murder,Include north throughout yourself term or sister by trouble.,2020-07-30,Investigating,2018-03-10,673ef5fd25b2822c2f001234
426,Murder,Successful exactly college crime candidate season strategy no future.,2020-11-27,Pending,2010-09-09,673ef5fd6ecbdd6ec8001234
427,Murder,Peace yet give nice type public herself spend avoid.,2012-10-30,Investigating,2012-01-28,673ef5fd18997733ec001234
428,Attempt,Crime edge contain together some like.,2024-04-16,Pending,2021-08-16,673ef5fd8d7d8ee069001234
429,Murder,Yeah time eat fast career walk impact candidate.,2019-01-25,Pending,2015-11-15,673ef5fd75fc093c0e001234
430,Attempt,Force control relate truth paper act behavior difficult method movement book.,2011-05-30,Investigating,2022-11-28,673ef5fdf74909ace6001234
431,Theft,Still make what group both seat piece suggest.,2011-07-05,Pending,2013-10-09,673ef5fd66368270ff001234
432,Attempt,Discussion population include sure gun hard degree everything daughter hot table receive year.,2022-11-24,Pending,2011-09-25,673ef5fd248e844336001234
433,Kidnapping,Without generation stuff least century imagine window.,2024-06-25,Closed,2016-01-07,673ef5fd019d385eb6001234
434,Murder,Cost left already guess per series news however kitchen analysis here until letter.,2006-09-14,Investigating,2016-07-02,673ef5fda49e9411d6001234
435,Theft,Already responsibility represent those then full former whose section citizen market smile develop.,2008-01-30,Closed,2008-11-02,673ef5fdddb30680a6001234
436,Attempt,Before offer happy reach possible space impact change leg morning different state year.,2009-12-27,Closed,2018-10-04,673ef5fd2421fcb126001234
437,Kidnapping,Continue box find federal baby he fact.,2017-04-23,Pending,2018-09-15,673ef5fdfccb60fb51001234
438,Attempt,Top treat ago call however whom field research again kind adult Congress traditional.,2006-12-04,Pending,2008-09-29,673ef5fd1651cf0d2f001234
439,Attempt,Usually role field including fall stand without bag ask he.,2020-06-03,Closed,2013-02-03,673ef5fdeed5af6add001234
440,Murder,Door else somebody line themselves especially evidence indicate.,2017-04-12,Investigating,2005-04-17,673ef5fda8abb4bb28001234
441,Murder,Sound case public sister before great run sing several these field great civil.,2006-11-15,Pending,2023-01-08,673ef5fd15d4e891d7001234
442,Theft,Score sure tonight cause tree herself Congress production sport.,2011-03-03,Closed,2021-01-25,673ef5fdc203d8a151001234
443,Murder,Anything four operation may common cup before we group case place want attack.,2023-08-08,Investigating,2011-03-23,673ef5fd13f3cf8c53001234
444,Theft,Mean company both appear research physical increase bill Congress rise loss recent media.,2024-11-10,Closed,2018-03-17,673ef5fd550a141f12001234
445,Murder,Let table deal woman something until use one.,2020-02-22,Investigating,2015-02-06,673ef5fd67f7fb873e001234
446,Murder,Nation want radio wish usually box contain perform success.,2017-12-24,Investigating,2017-10-04,673ef5fd1a5b1e4daa001234
447,Attempt,Imagine capital away much mention record notice network fine nearly.,2020-01-30,Closed,2011-12-10,673ef5fd9a96876e2f001234
448,Murder,Agency have know shake forget real magazine very happen.,2022-05-28,Pending,2005-10-13,673ef5fd9b70e8fe62001234
449,Theft,A threat view quickly film enough.,2011-03-29,Pending,2018-08-24,673ef5fdd61e4bbd63001234
450,Murder,Bed eye dream myself open line owner as when state boy family turn.,2007-05-20,Pending,2007-05-23,673ef5fdf5f8590cd5001234
451,Kidnapping,Throw alone beautiful design that body finally let.,2016-07-31,Pending,2015-09-05,673ef5fd941e1aaaba001234
452,Kidnapping,Most up since short probably meeting.,2009-04-13,Investigating,2019-05-26,673ef5fd9431c87f27001234
453,Attempt,Design should college find wrong spend time laugh threat.,2009-12-22,Pending,2008-04-17,673ef5fd49ae49a23f001234
454,Murder,Something write seek decide certainly yes remain go issue few tax prevent western.,2011-03-11,Closed,2022-03-25,673ef5fde44fea3bec001234
455,Kidnapping,Into evidence skill heavy behind collection could cold never left interest unit fast.,2019-05-05,Pending,2016-10-08,673ef5fd821fa74b50001234
456,Theft,Market although why where name industry.,2022-05-16,Pending,2020-03-02,673ef5fd250cf8b51c001234
457,Murder,Step method dog common measure nature despite source fill believe avoid point support.,2013-02-05,Pending,2010-11-12,673ef5fd42998cf32d001234
458,Attempt,Usually century enjoy simple sing fill bad interest can pull.,2017-04-03,Closed,2017-02-25,673ef5fdd07e70efcf001234
459,Theft,Light single alone yet itself approach spring against laugh.,2023-04-09,Closed,2013-11-27,673ef5fd7fe1f8abaa001234
460,Kidnapping,Relationship report understand create fight mother mission individual.,2016-01-25,Investigating,2005-12-10,673ef5fd98b2979500001234
461,Murder,Sound threat tend project pass large.,2018-05-24,Pending,2021-02-26,673ef5fd0353ab4cbe001234
462,Kidnapping,More six who many teacher alone peace.,2020-01-10,Closed,2016-07-27,673ef5fd51d92be1c6001234
463,Attempt,Few while on paper executive open machine.,2006-01-07,Investigating,2013-02-24,673ef5fd428fca9bc1001234
464,Theft,Development strategy say choose knowledge dog can evening either model whatever.,2008-02-19,Closed,2005-07-11,673ef5fdf1b6f2857f001234
465,Kidnapping,Now bring newspaper same any country enter pass one evening learn.,2019-07-15,Pending,2007-08-03,673ef5fd68ce199ec2001234
466,Murder,Wife pattern test collection expert power entire community know.,2006-02-23,Pending,2011-02-20,673ef5fde836d813fd001234
467,Theft,Test move production wife chair difference performance black camera hotel thing.,2020-06-26,Closed,2014-05-25,673ef5fdab817c9349001234
468,Kidnapping,Down from that live property program defense real interesting friend identify.,2024-04-23,Pending,2012-01-23,673ef5fd877a9ba7a9001234
469,Theft,Idea Republican tonight quickly almost happen claim special.,2009-07-19,Pending,2017-02-19,673ef5fddc6a648964001234
470,Attempt,Similar cover these pay surface require support site model successful approach.,2013-08-06,Pending,2016-01-16,673ef5fd26337353b7001234
471,Attempt,Himself evidence around music thing game road want store interest.,2012-09-14,Pending,2006-11-06,673ef5fd8e6b42f164001234
472,Theft,Choose word us while girl themselves onto business that data response training bar.,2015-05-25,Investigating,2005-10-12,673ef5fdef575e8837001234
473,Theft,Try husband and bad test present style public evidence small enough report.,2014-08-02,Pending,2016-05-27,673ef5fd2050e03ca1001234
474,Murder,Attack group fish certainly my environment for future pressure.,2009-06-08,Closed,2020-09-24,673ef5fd25ddc0f8c9001234
475,Murder,Phone dark ever adult reflect still paper opportunity.,2005-11-07,Closed,2013-04-29,673ef5fd5ef0b4eba3001234
476,Kidnapping,Anyone push figure share one tonight fine tough.,2005-10-15,Pending,2010-03-08,673ef5fd598b3e71ec001234
477,Murder,Chance hit never rich subject heart job cut institution citizen always laugh action.,2013-07-18,Closed,2010-06-27,673ef5fd74071a6733001234
478,Theft,Include somebody resource organization serve wish billion wonder piece.,2016-04-22,Pending,2014-05-13,673ef5fdcfee398643001234
479,Murder,Type find summer Republican me performance enough part spring before.,2023-12-21,Investigating,2006-08-12,673ef5fdd18f655c3f001234
480,Attempt,Front reflect war add her civil plant several administration include.,2012-05-14,Investigating,2012-02-21,673ef5fd6ea2ef7311001234
481,Attempt,Remember chance lay himself source physical friend.,2009-08-20,Closed,2012-10-17,673ef5fd9461cce28e001234
482,Attempt,Second rest total yard establish score rich kitchen expect.,2008-05-17,Pending,2020-10-23,673ef5fdf770b62bc8001234
483,Kidnapping,Happen work myself hair science management care world decide back race.,2010-01-23,Closed,2011-07-27,673ef5fde1e32e235e001234
484,Kidnapping,Letter family subject left attack truth ground less thus.,2014-06-18,Closed,2006-11-22,673ef5fdeba0dc302b001234
485,Kidnapping,Example strategy by treatment human dinner.,2017-07-02,Investigating,2010-06-22,673ef5fd218a0aefd1001234
486,Kidnapping,Third trouble culture play spring ever act decade begin however vote.,2012-08-16,Closed,2019-03-08,673ef5fd7d04bbbe54001234
487,Murder,Run word purpose everybody sister difficult.,2009-11-30,Closed,2009-05-10,673ef5fda516a87cfc001234
488,Attempt,Year energy star itself fine condition nice who everything skill student.,2017-06-27,Pending,2012-09-24,673ef5fdc3c59e5f8b001234
489,Murder,Quality while of baby consumer also each cold seek.,2015-12-25,Pending,2016-10-30,673ef5fd854d9fca60001234
490,Theft,Think physical politics issue firm later theory already a.,2024-06-09,Pending,2011-02-17,673ef5fdc410003ef1001234
491,Theft,Word rock cultural present both drug suggest mention long put blue generation low.,2009-01-20,Pending,2013-07-13,673ef5fd559cb990c9001234
492,Murder,Ten fish treatment affect organization through better rule respond it street.,2024-10-10,Investigating,2016-05-10,673ef5fd55a7cf9c71001234
493,Attempt,Authority bag understand down other dream write indicate grow relationship manager outside still.,2015-04-10,Closed,2012-06-05,673ef5fd2f55707d41001234
494,Theft,Eye future according according really product lose maybe answer return produce.,2024-11-01,Investigating,2009-11-26,673ef5fd1be3bc32e6001234
495,Kidnapping,West method forget forward measure mission whether so our.,2019-04-02,Closed,2019-11-10,673ef5fd35051070e5001234
496,Kidnapping,Stock improve effect certainly management role put this.,2006-02-24,Pending,2008-04-19,673ef5fdb534ba6823001234
497,Murder,Into sort with land old environmental doctor house experience provide.,2021-01-15,Investigating,2020-01-26,673ef5fd7380ad8a67001234
498,Theft,Forward majority whom young society whom season machine nor follow also.,2024-10-14,Investigating,2007-02-10,673ef5fd05f971b5ec001234
499,Kidnapping,Across such group successful stand produce standard newspaper most suffer when produce.,2009-08-30,Closed,2023-02-22,673ef5fd3cf166c6b7001234
500,Kidnapping,Company drug rich grow wide idea.,2018-02-08,Investigating,2020-03-27,673ef5fdcee631121c001234
501,Kidnapping,Week film school let not gas movement thing continue past.,2021-07-19,Investigating,2008-07-27,673ef5fd5b69b9cb83001234
502,Murder,Sometimes town plant main glass toward behavior to on bar box nothing onto.,2018-04-11,Pending,2021-02-04,673ef5fdb5b41fac03001234
503,Murder,Song believe key these first thousand believe process view light nation.,2005-11-16,Closed,2013-12-30,673ef5fd285e19f20b001234
504,Attempt,Little voice enjoy meet race try analysis attack full easy institution seek behavior.,2018-12-01,Closed,2018-11-01,673ef5fdb337e84de8001234
505,Attempt,With late significant pick enough south spend next tend coach southern simply college.,2009-09-04,Pending,2010-04-08,673ef5fde8c0653fea001234
506,Theft,Job second present nature give size other today bar.,2018-08-26,Pending,2011-01-15,673ef5fdff4d5fbbaf001234
507,Kidnapping,Side TV southern before state walk several top policy clear rich.,2022-08-04,Investigating,2018-07-27,673ef5fd2d6cc4b2d1001234
508,Kidnapping,Seem assume nearly happen director Democrat our build.,2024-03-26,Investigating,2012-06-07,673ef5fd389bc7bb1e001234
509,Attempt,Whatever wide offer six between parent force body threat too reduce include town.,2017-04-10,Closed,2016-02-20,673ef5fde2230b8535001234
510,Kidnapping,He cut figure art do thus many wind open street majority leave window.,2022-10-30,Investigating,2012-08-16,673ef5fd087408522c001234
511,Attempt,Edge risk court floor ready key.,2021-05-28,Pending,2021-06-05,673ef5fda760880003001234
512,Theft,Drop carry compare word require weight soon on.,2017-06-13,Closed,2012-10-28,673ef5fd10a7cdd970001234
513,Kidnapping,Agent figure fund article admit generation maintain investment trouble team leg less career.,2008-05-06,Investigating,2024-05-01,673ef5fd3dc4876f3f001234
514,Theft,Them wall him rise industry common among.,2016-03-11,Pending,2010-02-06,673ef5fd59b90e1005001234
515,Kidnapping,Realize dog represent enough order against itself recognize participant her quite.,2022-12-05,Investigating,2006-10-23,673ef5fd2b8a61594b001234
516,Murder,Interview way happen Congress single idea maybe.,2006-12-08,Pending,2011-02-01,673ef5fdf3f27a3247001234
517,Kidnapping,Budget these teacher five physical main another center.,2023-03-17,Pending,2009-04-19,673ef5fd38913e1d6a001234
518,Kidnapping,Organization house writer prepare main two pick some down left prepare service.,2010-03-10,Investigating,2022-11-04,673ef5fdebd9629fc3001234
519,Murder,Blue generation commercial above experience modern teach.,2006-03-14,Closed,2014-07-30,673ef5fd63538fe6ef001234
520,Murder,Style hand way talk college though while a image interest center.,2013-03-04,Closed,2024-10-23,673ef5fdcf67355a33001234
521,Kidnapping,Personal Mrs born water ago parent even newspaper tend ever certain piece result.,2015-11-16,Investigating,2015-02-27,673ef5fd07563a3fe3001234
522,Kidnapping,Environment board administration treat executive population wall quality never well talk fire should.,2007-11-25,Closed,2010-07-17,673ef5fd53fde96fcc001234
523,Kidnapping,Democratic activity local oil hit get.,2013-11-09,Pending,2012-02-23,673ef5fd2bb232c0b1001234
524,Kidnapping,New well according newspaper turn officer where contain measure.,2007-11-27,Closed,2022-06-09,673ef5fdba2fd310dc001234
525,Theft,Same do keep against charge herself.,2011-05-19,Closed,2015-01-05,673ef5fd69421f0324001234
526,Murder,Writer do break management form modern plan candidate success each face.,2018-01-05,Pending,2013-03-21,673ef5fd85422afb46001234
527,Kidnapping,Direction operation yard individual find lot standard play.,2005-06-12,Closed,2010-06-21,673ef5fd13f320e7b5001234
528,Theft,Method less agree hour law first painting who sound quite example bed.,2023-07-26,Pending,2008-04-08,673ef5fdf4be00279e001234
529,Attempt,Bill do bank major instead policy after dinner economy short condition half attorney whatever.,2009-07-03,Investigating,2016-05-14,673ef5fd37f0e884fb001234
530,Murder,Find up base phone myself environmental.,2008-01-15,Closed,2024-09-16,673ef5fdd64a340bcb001234
531,Kidnapping,Production form blue result model in black land million.,2017-12-11,Investigating,2017-06-09,673ef5fd0fcbc61acd001234
532,Murder,Big able commercial impact opportunity suddenly movie.,2005-12-15,Closed,2021-09-08,673ef5fd298f95e1bf001234
533,Theft,Water either art international cut who involve policy oil happen do.,2013-05-18,Closed,2005-10-30,673ef5fddf877f3865001234
534,Murder,Each every important wind second cultural.,2005-02-14,Closed,2013-12-27,673ef5fdc399862d3b001234
535,Theft,Race late six condition lead performance others future difference across research raise sell glass.,2024-10-22,Closed,2024-04-24,673ef5fd33e8075e99001234
536,Murder,Light day until edge matter it for eight attention.,2010-02-24,Pending,2008-11-20,673ef5fd65658fde58001234
537,Murder,Wide western face more imagine yet.,2014-11-16,Pending,2015-09-23,673ef5fd5ea1649a31001234
538,Attempt,Month sit quality people human through difference right traditional involve season.,2006-11-25,Pending,2019-09-04,673ef5fd7bcdf75ad2001234
539,Murder,Growth a service over pressure control former economy seek.,2007-01-23,Closed,2013-04-12,673ef5fd5737034557001234
540,Attempt,Huge build me item wish happen.,2009-02-12,Pending,2006-04-27,673ef5fd9b72e31dac001234
541,Attempt,Two we reach always bring defense tax.,2020-02-19,Investigating,2012-11-04,673ef5fd16c222aa19001234
542,Murder,Thousand city course factor conference thank term shoulder miss brother future.,2012-09-22,Pending,2023-07-12,673ef5fd7dcd340d84001234
543,Theft,Late girl class degree read material while.,2008-12-16,Closed,2008-07-29,673ef5fd81448138f5001234
544,Theft,Executive nearly spend yet light name never suggest main born answer place man fine.,2013-12-26,Investigating,2011-05-24,673ef5fd97e8527fea001234
545,Kidnapping,Probably his job writer writer election with.,2010-06-25,Investigating,2022-02-16,673ef5fd647bba3443001234
546,Kidnapping,Political conference partner challenge development something maintain single beautiful.,2008-07-31,Closed,2012-07-31,673ef5fded265bc903001234
547,Attempt,Group you project reach white material need dream successful moment now.,2023-05-01,Pending,2022-02-07,673ef5fdc75b6f114c001234
548,Kidnapping,From simple school box expert be attention picture long sometimes easy.,2020-01-14,Closed,2006-07-08,673ef5fd8d34201a5b001234
549,Theft,Want person series hit relationship card time only.,2013-07-14,Pending,2009-05-28,673ef5fdccb1d45fb7001234
550,Kidnapping,On him give property soldier most peace level Mrs Republican ready practice security.,2023-06-17,Investigating,2008-02-28,673ef5fd01f78be6f7001234
551,Attempt,Action story own business bit tough tonight.,2006-09-22,Pending,2022-07-04,673ef5fd7f24d24052001234
552,Murder,Reflect finish turn not budget fill action second open either summer.,2018-10-30,Closed,2009-05-01,673ef5fd94c7bb58ef001234
553,Attempt,Later stop fill cost half establish audience question represent hundred maintain.,2013-10-03,Closed,2019-12-17,673ef5fdf387624df5001234
554,Murder,Blue worker instead study standard discuss.,2013-04-17,Investigating,2022-10-22,673ef5fd5e388103a3001234
555,Attempt,Campaign hear table ok stand fine exactly cultural decade.,2024-05-29,Pending,2022-09-05,673ef5fd15de21c670001234
556,Attempt,Them knowledge painting drop buy join indeed.,2022-03-20,Pending,2006-06-23,673ef5fd11b921ef08001234
557,Murder,Car Mr whether north choose similar apply.,2008-05-08,Pending,2013-10-10,673ef5fd6e2713a6ef001234
558,Theft,Color to contain speech individual seem century indeed start.,2024-01-16,Investigating,2013-03-04,673ef5fd1bb91f73e9001234
559,Attempt,Instead what his side future feeling whom.,2019-02-28,Pending,2014-02-28,673ef5fd3a0772443a001234
560,Attempt,Writer safe middle however movement arm rest party travel whether.,2019-04-25,Pending,2017-11-27,673ef5fda9a6653e48001234
561,Murder,Throughout lead consider different personal according woman network.,2006-09-10,Pending,2010-12-11,673ef5fd58ae749f25001234
